arquivos,
110938800530102511190967,
223467244130102511192004,
035300335130102511192111,
067026187630102511193777,
210649912330102511190302,
191062835130102511191135,
168244511230102511197905,
008586319730102513191047,
389128712430102513193820,
236162312730102513190924,
047053505030102513192949,
306455225330102513190844,
374969755930102513195290,
346342153530102513199965,
128213209530102513190369,
241756830530102513199890,
347622206730102513193900,
339007269130102513199724,
318382628430102513199549,
104773276930102513197702,
027166645530102513198173,
103562505430102513195566,
294406509130102513196304,
398525283130102513197659,
029562518730102511182389,
156347600130102511190450,
382531606230102511198883,
082999531330102511195075,
070550597330102511189980,
064663911830102511188338,
385334238730102511180667,
287410452730102511194220,
427216522530102511191990,
141722779030102513197344,
042929429430102513193017,
086728419930102513198664,
269020921930102513191704,
372974584730102511196591,
305526227530102513197972,
362005059030102513197333,
327626550830102513199570,
279627490730102513192831,
191185652230102513195980,
357137302830102513190758,
110454648830102513197969,
191973869630102513195100,
331217474230102513193601,
034331786430102511192143,
362954920831102511194797,
274161539331102511196648,
049597511531102511190332,
